/*
SQLyog Ultimate v12.08 (64 bit)
MySQL - 5.7.36-log : Database - platform
*********************************************************************
*/

/*!40101 SET NAMES utf8 */;

/*!40101 SET SQL_MODE=''*/;

/*!40014 SET @OLD_UNIQUE_CHECKS=@@UNIQUE_CHECKS, UNIQUE_CHECKS=0 */;
/*!40014 SET @OLD_FOREIGN_KEY_CHECKS=@@FOREIGN_KEY_CHECKS, FOREIGN_KEY_CHECKS=0 */;
/*!40101 SET @OLD_SQL_MODE=@@SQL_MODE, SQL_MODE='NO_AUTO_VALUE_ON_ZERO' */;
/*!40111 SET @OLD_SQL_NOTES=@@SQL_NOTES, SQL_NOTES=0 */;
CREATE DATABASE /*!32312 IF NOT EXISTS*/`platform` /*!40100 DEFAULT CHARACTER SET utf8 */;

USE `platform`;

/*Table structure for table `p_gys` */

DROP TABLE IF EXISTS `p_gys`;

CREATE TABLE `p_gys` (
  `gysbh` int(11) NOT NULL AUTO_INCREMENT,
  `gysmc` varchar(32) DEFAULT NULL,
  `lxr` varchar(8) DEFAULT NULL,
  `lxdh` varchar(16) DEFAULT NULL,
  `dz` varchar(32) DEFAULT NULL,
  `yl1` varchar(32) DEFAULT NULL,
  `yl2` varchar(32) DEFAULT NULL,
  PRIMARY KEY (`gysbh`)
) ENGINE=InnoDB AUTO_INCREMENT=222 DEFAULT CHARSET=utf8;

/*Data for the table `p_gys` */

LOCK TABLES `p_gys` WRITE;

insert  into `p_gys`(`gysbh`,`gysmc`,`lxr`,`lxdh`,`dz`,`yl1`,`yl2`) values (1,'海尔经销商1','dmc1','11111','哈尔滨大街1号',NULL,NULL),(2,'海尔经销商2','dmc2','11112','哈尔滨大街2号',NULL,NULL),(3,'海尔经销商3','dmc3','11113','哈尔滨大街3号',NULL,NULL),(4,'海尔经销商4','dmc4','11114','哈尔滨大街4号',NULL,NULL),(5,'海尔经销商5','dmc5','11115','哈尔滨大街5号',NULL,NULL),(6,'海尔经销商6','dmc6','11116','哈尔滨大街6号',NULL,NULL),(7,'海尔经销商7','dmc7','11117','哈尔滨大街7号',NULL,NULL),(8,'海尔经销商8','dmc8','11118','哈尔滨大街8号',NULL,NULL),(9,'海尔经销商9','dmc9','11119','哈尔滨大街9号',NULL,NULL),(10,'海尔经销商10','dmc10','11120','哈尔滨大街10号',NULL,NULL),(11,'海尔经销商11','dmc11','11121','哈尔滨大街11号',NULL,NULL),(12,'海尔经销商12','dmc12','11122','哈尔滨大街12号',NULL,NULL),(13,'海尔经销商13','dmc13','11123','哈尔滨大街13号',NULL,NULL),(14,'海尔经销商14','dmc14','11124','哈尔滨大街14号',NULL,NULL),(15,'海尔经销商15','dmc15','11125','哈尔滨大街15号',NULL,NULL),(16,'海尔经销商16','dmc16','11126','哈尔滨大街16号',NULL,NULL),(17,'海尔经销商17','dmc17','11127','哈尔滨大街17号',NULL,NULL),(18,'海尔经销商18','dmc18','11128','哈尔滨大街18号',NULL,NULL),(19,'海尔经销商19','dmc19','11129','哈尔滨大街19号',NULL,NULL),(20,'海尔经销商20','dmc20','11130','哈尔滨大街20号',NULL,NULL),(21,'海尔经销商21','dmc21','11131','哈尔滨大街21号',NULL,NULL),(22,'海尔经销商22','dmc22','11132','哈尔滨大街22号',NULL,NULL),(23,'海尔经销商23','dmc23','11133','哈尔滨大街23号',NULL,NULL),(24,'海尔经销商24','dmc24','11134','哈尔滨大街24号',NULL,NULL),(25,'海尔经销商25','dmc25','11135','哈尔滨大街25号',NULL,NULL),(26,'海尔经销商26','dmc26','11136','哈尔滨大街26号',NULL,NULL),(27,'海尔经销商27','dmc27','11137','哈尔滨大街27号',NULL,NULL),(28,'海尔经销商28','dmc28','11138','哈尔滨大街28号',NULL,NULL),(29,'海尔经销商29','dmc29','11139','哈尔滨大街29号',NULL,NULL),(30,'海尔经销商30','dmc30','11140','哈尔滨大街30号',NULL,NULL),(31,'海尔经销商31','dmc31','11141','哈尔滨大街31号',NULL,NULL),(32,'海尔经销商32','dmc32','11142','哈尔滨大街32号',NULL,NULL),(33,'海尔经销商33','dmc33','11143','哈尔滨大街33号',NULL,NULL),(34,'海尔经销商34','dmc34','11144','哈尔滨大街34号',NULL,NULL),(35,'海尔经销商35','dmc35','11145','哈尔滨大街35号',NULL,NULL),(36,'海尔经销商36','dmc36','11146','哈尔滨大街36号',NULL,NULL),(37,'海尔经销商37','dmc37','11147','哈尔滨大街37号',NULL,NULL),(38,'海尔经销商38','dmc38','11148','哈尔滨大街38号',NULL,NULL),(39,'海尔经销商39','dmc39','11149','哈尔滨大街39号',NULL,NULL),(40,'海尔经销商40','dmc40','11150','哈尔滨大街40号',NULL,NULL),(41,'海尔经销商41','dmc41','11151','哈尔滨大街41号',NULL,NULL),(42,'海尔经销商42','dmc42','11152','哈尔滨大街42号',NULL,NULL),(43,'海尔经销商43','dmc43','11153','哈尔滨大街43号',NULL,NULL),(44,'海尔经销商44','dmc44','11154','哈尔滨大街44号',NULL,NULL),(45,'海尔经销商45','dmc45','11155','哈尔滨大街45号',NULL,NULL),(46,'海尔经销商46','dmc46','11156','哈尔滨大街46号',NULL,NULL),(47,'海尔经销商47','dmc47','11157','哈尔滨大街47号',NULL,NULL),(48,'海尔经销商48','dmc48','11158','哈尔滨大街48号',NULL,NULL),(49,'海尔经销商49','dmc49','11159','哈尔滨大街49号',NULL,NULL),(50,'海尔经销商50','dmc50','11160','哈尔滨大街50号',NULL,NULL),(51,'海尔经销商51','dmc51','11161','哈尔滨大街51号',NULL,NULL),(52,'海尔经销商52','dmc52','11162','哈尔滨大街52号',NULL,NULL),(53,'海尔经销商53','dmc53','11163','哈尔滨大街53号',NULL,NULL),(54,'海尔经销商54','dmc54','11164','哈尔滨大街54号',NULL,NULL),(55,'海尔经销商55','dmc55','11165','哈尔滨大街55号',NULL,NULL),(56,'海尔经销商56','dmc56','11166','哈尔滨大街56号',NULL,NULL),(57,'海尔经销商57','dmc57','11167','哈尔滨大街57号',NULL,NULL),(58,'海尔经销商58','dmc58','11168','哈尔滨大街58号',NULL,NULL),(59,'海尔经销商59','dmc59','11169','哈尔滨大街59号',NULL,NULL),(60,'海尔经销商60','dmc60','11170','哈尔滨大街60号',NULL,NULL),(61,'海尔经销商61','dmc61','11171','哈尔滨大街61号',NULL,NULL),(62,'海尔经销商62','dmc62','11172','哈尔滨大街62号',NULL,NULL),(63,'海尔经销商63','dmc63','11173','哈尔滨大街63号',NULL,NULL),(64,'海尔经销商64','dmc64','11174','哈尔滨大街64号',NULL,NULL),(65,'海尔经销商65','dmc65','11175','哈尔滨大街65号',NULL,NULL),(66,'海尔经销商66','dmc66','11176','哈尔滨大街66号',NULL,NULL),(67,'海尔经销商67','dmc67','11177','哈尔滨大街67号',NULL,NULL),(68,'海尔经销商68','dmc68','11178','哈尔滨大街68号',NULL,NULL),(69,'海尔经销商69','dmc69','11179','哈尔滨大街69号',NULL,NULL),(70,'海尔经销商70','dmc70','11180','哈尔滨大街70号',NULL,NULL),(71,'海尔经销商71','dmc71','11181','哈尔滨大街71号',NULL,NULL),(72,'海尔经销商72','dmc72','11182','哈尔滨大街72号',NULL,NULL),(73,'海尔经销商73','dmc73','11183','哈尔滨大街73号',NULL,NULL),(74,'海尔经销商74','dmc74','11184','哈尔滨大街74号',NULL,NULL),(75,'海尔经销商75','dmc75','11185','哈尔滨大街75号',NULL,NULL),(76,'海尔经销商76','dmc76','11186','哈尔滨大街76号',NULL,NULL),(77,'海尔经销商77','dmc77','11187','哈尔滨大街77号',NULL,NULL),(78,'海尔经销商78','dmc78','11188','哈尔滨大街78号',NULL,NULL),(79,'海尔经销商79','dmc79','11189','哈尔滨大街79号',NULL,NULL),(80,'海尔经销商80','dmc80','11190','哈尔滨大街80号',NULL,NULL),(81,'海尔经销商81','dmc81','11191','哈尔滨大街81号',NULL,NULL),(82,'海尔经销商82','dmc82','11192','哈尔滨大街82号',NULL,NULL),(83,'海尔经销商83','dmc83','11193','哈尔滨大街83号',NULL,NULL),(84,'海尔经销商84','dmc84','11194','哈尔滨大街84号',NULL,NULL),(85,'海尔经销商85','dmc85','11195','哈尔滨大街85号',NULL,NULL),(86,'海尔经销商86','dmc86','11196','哈尔滨大街86号',NULL,NULL),(87,'海尔经销商87','dmc87','11197','哈尔滨大街87号',NULL,NULL),(88,'海尔经销商88','dmc88','11198','哈尔滨大街88号',NULL,NULL),(89,'海尔经销商89','dmc89','11199','哈尔滨大街89号',NULL,NULL),(90,'海尔经销商90','dmc90','11200','哈尔滨大街90号',NULL,NULL),(91,'海尔经销商91','dmc91','11201','哈尔滨大街91号',NULL,NULL),(92,'海尔经销商92','dmc92','11202','哈尔滨大街92号',NULL,NULL),(93,'海尔经销商93','dmc93','11203','哈尔滨大街93号',NULL,NULL),(94,'海尔经销商94','dmc94','11204','哈尔滨大街94号',NULL,NULL),(95,'海尔经销商95','dmc95','11205','哈尔滨大街95号',NULL,NULL),(96,'海尔经销商96','dmc96','11206','哈尔滨大街96号',NULL,NULL),(97,'海尔经销商97','dmc97','11207','哈尔滨大街97号',NULL,NULL),(98,'海尔经销商98','dmc98','11208','哈尔滨大街98号',NULL,NULL),(99,'海尔经销商99','dmc99','11209','哈尔滨大街99号',NULL,NULL),(100,'海尔经销商100','dmc100','11210','哈尔滨大街100号',NULL,NULL),(101,'海尔经销商101','dmc101','11211','哈尔滨大街101号',NULL,NULL),(102,'海尔经销商102','dmc102','11212','哈尔滨大街102号',NULL,NULL),(103,'海尔经销商103','dmc103','11213','哈尔滨大街103号',NULL,NULL),(104,'海尔经销商104','dmc104','11214','哈尔滨大街104号',NULL,NULL),(105,'海尔经销商105','dmc105','11215','哈尔滨大街105号',NULL,NULL),(106,'海尔经销商106','dmc106','11216','哈尔滨大街106号',NULL,NULL),(107,'海尔经销商107','dmc107','11217','哈尔滨大街107号',NULL,NULL),(108,'海尔经销商108','dmc108','11218','哈尔滨大街108号',NULL,NULL),(109,'海尔经销商109','dmc109','11219','哈尔滨大街109号',NULL,NULL),(110,'海尔经销商110','dmc110','11220','哈尔滨大街110号',NULL,NULL),(111,'海尔经销商111','dmc111','11221','哈尔滨大街111号',NULL,NULL),(112,'海尔经销商112','dmc112','11222','哈尔滨大街112号',NULL,NULL),(113,'海尔经销商113','dmc113','11223','哈尔滨大街113号',NULL,NULL),(114,'海尔经销商114','dmc114','11224','哈尔滨大街114号',NULL,NULL),(115,'海尔经销商115','dmc115','11225','哈尔滨大街115号',NULL,NULL),(116,'海尔经销商116','dmc116','11226','哈尔滨大街116号',NULL,NULL),(117,'海尔经销商117','dmc117','11227','哈尔滨大街117号',NULL,NULL),(118,'海尔经销商118','dmc118','11228','哈尔滨大街118号',NULL,NULL),(119,'海尔经销商119','dmc119','11229','哈尔滨大街119号',NULL,NULL),(120,'海尔经销商120','dmc120','11230','哈尔滨大街120号',NULL,NULL),(121,'海尔经销商121','dmc121','11231','哈尔滨大街121号',NULL,NULL),(122,'海尔经销商122','dmc122','11232','哈尔滨大街122号',NULL,NULL),(123,'海尔经销商123','dmc123','11233','哈尔滨大街123号',NULL,NULL),(124,'海尔经销商124','dmc124','11234','哈尔滨大街124号',NULL,NULL),(125,'海尔经销商125','dmc125','11235','哈尔滨大街125号',NULL,NULL),(126,'海尔经销商126','dmc126','11236','哈尔滨大街126号',NULL,NULL),(127,'海尔经销商127','dmc127','11237','哈尔滨大街127号',NULL,NULL),(128,'海尔经销商128','dmc128','11238','哈尔滨大街128号',NULL,NULL),(129,'海尔经销商129','dmc129','11239','哈尔滨大街129号',NULL,NULL),(130,'海尔经销商130','dmc130','11240','哈尔滨大街130号',NULL,NULL),(131,'海尔经销商131','dmc131','11241','哈尔滨大街131号',NULL,NULL),(132,'海尔经销商132','dmc132','11242','哈尔滨大街132号',NULL,NULL),(133,'海尔经销商133','dmc133','11243','哈尔滨大街133号',NULL,NULL),(134,'海尔经销商134','dmc134','11244','哈尔滨大街134号',NULL,NULL),(135,'海尔经销商135','dmc135','11245','哈尔滨大街135号',NULL,NULL),(136,'海尔经销商136','dmc136','11246','哈尔滨大街136号',NULL,NULL),(137,'海尔经销商137','dmc137','11247','哈尔滨大街137号',NULL,NULL),(138,'海尔经销商138','dmc138','11248','哈尔滨大街138号',NULL,NULL),(139,'海尔经销商139','dmc139','11249','哈尔滨大街139号',NULL,NULL),(140,'海尔经销商140','dmc140','11250','哈尔滨大街140号',NULL,NULL),(141,'海尔经销商141','dmc141','11251','哈尔滨大街141号',NULL,NULL),(142,'海尔经销商142','dmc142','11252','哈尔滨大街142号',NULL,NULL),(143,'海尔经销商143','dmc143','11253','哈尔滨大街143号',NULL,NULL),(144,'海尔经销商144','dmc144','11254','哈尔滨大街144号',NULL,NULL),(145,'海尔经销商145','dmc145','11255','哈尔滨大街145号',NULL,NULL),(146,'海尔经销商146','dmc146','11256','哈尔滨大街146号',NULL,NULL),(147,'海尔经销商147','dmc147','11257','哈尔滨大街147号',NULL,NULL),(148,'海尔经销商148','dmc148','11258','哈尔滨大街148号',NULL,NULL),(149,'海尔经销商149','dmc149','11259','哈尔滨大街149号',NULL,NULL),(150,'海尔经销商150','dmc150','11260','哈尔滨大街150号',NULL,NULL),(151,'海尔经销商151','dmc151','11261','哈尔滨大街151号',NULL,NULL),(152,'海尔经销商152','dmc152','11262','哈尔滨大街152号',NULL,NULL),(153,'海尔经销商153','dmc153','11263','哈尔滨大街153号',NULL,NULL),(154,'海尔经销商154','dmc154','11264','哈尔滨大街154号',NULL,NULL),(155,'海尔经销商155','dmc155','11265','哈尔滨大街155号',NULL,NULL),(156,'海尔经销商156','dmc156','11266','哈尔滨大街156号',NULL,NULL),(157,'海尔经销商157','dmc157','11267','哈尔滨大街157号',NULL,NULL),(158,'海尔经销商158','dmc158','11268','哈尔滨大街158号',NULL,NULL),(159,'海尔经销商159','dmc159','11269','哈尔滨大街159号',NULL,NULL),(160,'海尔经销商160','dmc160','11270','哈尔滨大街160号',NULL,NULL),(161,'海尔经销商161','dmc161','11271','哈尔滨大街161号',NULL,NULL),(162,'海尔经销商162','dmc162','11272','哈尔滨大街162号',NULL,NULL),(163,'海尔经销商163','dmc163','11273','哈尔滨大街163号',NULL,NULL),(164,'海尔经销商164','dmc164','11274','哈尔滨大街164号',NULL,NULL),(165,'海尔经销商165','dmc165','11275','哈尔滨大街165号',NULL,NULL),(166,'海尔经销商166','dmc166','11276','哈尔滨大街166号',NULL,NULL),(167,'海尔经销商167','dmc167','11277','哈尔滨大街167号',NULL,NULL),(168,'海尔经销商168','dmc168','11278','哈尔滨大街168号',NULL,NULL),(169,'海尔经销商169','dmc169','11279','哈尔滨大街169号',NULL,NULL),(170,'海尔经销商170','dmc170','11280','哈尔滨大街170号',NULL,NULL),(171,'海尔经销商171','dmc171','11281','哈尔滨大街171号',NULL,NULL),(172,'海尔经销商172','dmc172','11282','哈尔滨大街172号',NULL,NULL),(173,'海尔经销商173','dmc173','11283','哈尔滨大街173号',NULL,NULL),(174,'海尔经销商174','dmc174','11284','哈尔滨大街174号',NULL,NULL),(175,'海尔经销商175','dmc175','11285','哈尔滨大街175号',NULL,NULL),(176,'海尔经销商176','dmc176','11286','哈尔滨大街176号',NULL,NULL),(177,'海尔经销商177','dmc177','11287','哈尔滨大街177号',NULL,NULL),(178,'海尔经销商178','dmc178','11288','哈尔滨大街178号',NULL,NULL),(179,'海尔经销商179','dmc179','11289','哈尔滨大街179号',NULL,NULL),(180,'海尔经销商180','dmc180','11290','哈尔滨大街180号',NULL,NULL),(181,'海尔经销商181','dmc181','11291','哈尔滨大街181号',NULL,NULL),(182,'海尔经销商182','dmc182','11292','哈尔滨大街182号',NULL,NULL),(183,'海尔经销商183','dmc183','11293','哈尔滨大街183号',NULL,NULL),(184,'海尔经销商184','dmc184','11294','哈尔滨大街184号',NULL,NULL),(185,'海尔经销商185','dmc185','11295','哈尔滨大街185号',NULL,NULL),(186,'海尔经销商186','dmc186','11296','哈尔滨大街186号',NULL,NULL),(187,'海尔经销商187','dmc187','11297','哈尔滨大街187号',NULL,NULL),(188,'海尔经销商188','dmc188','11298','哈尔滨大街188号',NULL,NULL),(189,'海尔经销商189','dmc189','11299','哈尔滨大街189号',NULL,NULL),(190,'海尔经销商190','dmc190','11300','哈尔滨大街190号',NULL,NULL),(191,'海尔经销商191','dmc191','11301','哈尔滨大街191号',NULL,NULL),(192,'海尔经销商192','dmc192','11302','哈尔滨大街192号',NULL,NULL),(193,'海尔经销商193','dmc193','11303','哈尔滨大街193号',NULL,NULL),(194,'海尔经销商194','dmc194','11304','哈尔滨大街194号',NULL,NULL),(195,'海尔经销商195','dmc195','11305','哈尔滨大街195号',NULL,NULL),(196,'海尔经销商196','dmc196','11306','哈尔滨大街196号',NULL,NULL),(197,'海尔经销商197','dmc197','11307','哈尔滨大街197号',NULL,NULL),(198,'海尔经销商198','dmc198','11308','哈尔滨大街198号',NULL,NULL),(199,'海尔经销商199','dmc199','11309','哈尔滨大街199号',NULL,NULL),(200,'海尔经销商200','dmc200','11310','哈尔滨大街200号',NULL,NULL),(201,'海尔经销商201','dmc201','11311','哈尔滨大街201号',NULL,NULL),(202,'海尔经销商202','dmc202','11312','哈尔滨大街202号',NULL,NULL),(203,'海尔经销商203','dmc203','11313','哈尔滨大街203号',NULL,NULL),(204,'海尔经销商204','dmc204','11314','哈尔滨大街204号',NULL,NULL),(205,'海尔经销商205','dmc205','11315','哈尔滨大街205号',NULL,NULL),(206,'海尔经销商206','dmc206','11316','哈尔滨大街206号',NULL,NULL),(207,'海尔经销商207','dmc207','11317','哈尔滨大街207号',NULL,NULL),(208,'海尔经销商208','dmc208','11318','哈尔滨大街208号',NULL,NULL),(209,'海尔经销商209','dmc209','11319','哈尔滨大街209号',NULL,NULL),(210,'海尔经销商210','dmc210','11320','哈尔滨大街210号',NULL,NULL),(211,'海尔经销商211','dmc211','11321','哈尔滨大街211号',NULL,NULL),(212,'海尔经销商212','dmc212','11322','哈尔滨大街212号',NULL,NULL),(213,'海尔经销商213','dmc213','11323','哈尔滨大街213号',NULL,NULL),(214,'海尔经销商214','dmc214','11324','哈尔滨大街214号',NULL,NULL),(215,'海尔经销商215','dmc215','11325','哈尔滨大街215号',NULL,NULL),(216,'海尔经销商216','dmc216','11326','哈尔滨大街216号',NULL,NULL),(217,'海尔经销商217','dmc217','11327','哈尔滨大街217号',NULL,NULL),(218,'海尔经销商218','dmc218','11328','哈尔滨大街218号',NULL,NULL),(219,'海尔经销商219','dmc219','11329','哈尔滨大街219号',NULL,NULL),(221,'海尔经销商220','dmc220','11330','哈尔滨大街220号',NULL,NULL);

UNLOCK TABLES;

/*Table structure for table `p_jhd` */

DROP TABLE IF EXISTS `p_jhd`;

CREATE TABLE `p_jhd` (
  `jhdbh` varchar(32) NOT NULL,
  `jhsj` varchar(32) DEFAULT NULL,
  `jhrbh` int(11) DEFAULT NULL,
  `gysbh` bigint(20) DEFAULT NULL,
  `jhzj` int(11) DEFAULT NULL,
  `kfbh` int(11) DEFAULT NULL,
  `yl1` varchar(32) DEFAULT NULL,
  `yl2` varchar(32) DEFAULT NULL,
  PRIMARY KEY (`jhdbh`)
) ENGINE=InnoDB DEFAULT CHARSET=utf8;

/*Data for the table `p_jhd` */

LOCK TABLES `p_jhd` WRITE;

insert  into `p_jhd`(`jhdbh`,`jhsj`,`jhrbh`,`gysbh`,`jhzj`,`kfbh`,`yl1`,`yl2`) values ('JHD2022012300001','2022-01-23 17:36',1,1,400000,1,NULL,NULL),('JHD2022012300002','2022-01-23 17:36',1,1,3100000,1,NULL,NULL),('JHD2022012300003','2022-01-23 18:18',1,2,20000,1,NULL,NULL),('JHD2022012300004','2022-01-23 18:20',1,3,199900,3,NULL,NULL),('JHD2022012300005','2022-01-23 18:24',1,6,1999000,2,NULL,NULL),('JHD2022012300006','2022-01-23 18:27',1,9,29990,17,NULL,NULL),('JHD2022012300007','2022-01-23 18:31',1,6,10000,4,NULL,NULL),('JHD2022012400001','2022-01-24 11:44',1,6,10000,5,NULL,NULL),('JHD2022012400002','2022-01-24 13:00',1,3,65000,5,NULL,NULL),('JHD2022012400003','2022-01-24 13:42',1,2,2119000,5,NULL,NULL);

UNLOCK TABLES;

/*Table structure for table `p_jhxq` */

DROP TABLE IF EXISTS `p_jhxq`;

CREATE TABLE `p_jhxq` (
  `jhid` int(11) NOT NULL AUTO_INCREMENT,
  `jhdbh` varchar(32) DEFAULT NULL,
  `spbh` int(11) DEFAULT NULL,
  `spsl` int(11) DEFAULT NULL,
  `spjg` int(11) DEFAULT NULL,
  PRIMARY KEY (`jhid`)
) ENGINE=InnoDB AUTO_INCREMENT=27 DEFAULT CHARSET=utf8;

/*Data for the table `p_jhxq` */

LOCK TABLES `p_jhxq` WRITE;

insert  into `p_jhxq`(`jhid`,`jhdbh`,`spbh`,`spsl`,`spjg`) values (12,'JHD2022012300001',1,100,2000),(13,'JHD2022012300001',2,100,2000),(14,'JHD2022012300002',1,50,2000),(15,'JHD2022012300002',3,1000,3000),(16,'JHD2022012300003',3,10,2000),(17,'JHD2022012300004',18,100,1999),(18,'JHD2022012300005',17,1000,1999),(19,'JHD2022012300006',55,10,2999),(20,'JHD2022012300007',51,10,1000),(21,'JHD2022012400001',2,10,1000),(22,'JHD2022012400002',157,100,50),(23,'JHD2022012400002',156,1000,60),(24,'JHD2022012400003',10,1000,1999),(25,'JHD2022012400003',13,10,2000),(26,'JHD2022012400003',14,100,1000);

UNLOCK TABLES;

/*Table structure for table `p_kc` */

DROP TABLE IF EXISTS `p_kc`;

CREATE TABLE `p_kc` (
  `kcid` int(11) NOT NULL AUTO_INCREMENT,
  `kfbh` int(11) DEFAULT NULL,
  `spbh` int(11) DEFAULT NULL,
  `spsl` int(11) DEFAULT NULL,
  PRIMARY KEY (`kcid`)
) ENGINE=InnoDB AUTO_INCREMENT=27 DEFAULT CHARSET=utf8;

/*Data for the table `p_kc` */

LOCK TABLES `p_kc` WRITE;

insert  into `p_kc`(`kcid`,`kfbh`,`spbh`,`spsl`) values (14,1,1,150),(15,1,2,100),(16,1,3,1010),(17,3,18,100),(18,2,17,1000),(19,17,55,10),(20,4,51,10),(21,5,2,10),(22,5,156,1000),(23,5,157,100),(24,5,10,1000),(25,5,13,10),(26,5,14,100);

UNLOCK TABLES;

/*Table structure for table `p_kf` */

DROP TABLE IF EXISTS `p_kf`;

CREATE TABLE `p_kf` (
  `kfbh` int(11) NOT NULL AUTO_INCREMENT,
  `kfmc` varchar(8) DEFAULT NULL,
  `kfwz` varchar(32) DEFAULT NULL,
  `yl1` varchar(32) DEFAULT NULL,
  `yl2` varchar(32) DEFAULT NULL,
  PRIMARY KEY (`kfbh`)
) ENGINE=InnoDB AUTO_INCREMENT=114 DEFAULT CHARSET=utf8;

/*Data for the table `p_kf` */

LOCK TABLES `p_kf` WRITE;

insert  into `p_kf`(`kfbh`,`kfmc`,`kfwz`,`yl1`,`yl2`) values (1,'1号库房','哈尔滨1号',NULL,NULL),(2,'2号库房','哈尔滨2号',NULL,NULL),(3,'3号库房','哈尔滨3号',NULL,NULL),(4,'4号库房','哈尔滨4号',NULL,NULL),(5,'5号库房','哈尔滨5号',NULL,NULL),(6,'6号库房','哈尔滨6号',NULL,NULL),(7,'7号库房','哈尔滨7号',NULL,NULL),(8,'8号库房','哈尔滨8号',NULL,NULL),(9,'9号库房','哈尔滨9号',NULL,NULL),(10,'10号库房','哈尔滨10号',NULL,NULL),(11,'11号库房','哈尔滨11号',NULL,NULL),(12,'12号库房','哈尔滨12号',NULL,NULL),(13,'13号库房','哈尔滨13号',NULL,NULL),(14,'14号库房','哈尔滨14号',NULL,NULL),(15,'15号库房','哈尔滨15号',NULL,NULL),(16,'16号库房','哈尔滨16号',NULL,NULL),(17,'17号库房','哈尔滨17号',NULL,NULL),(18,'18号库房','哈尔滨18号',NULL,NULL),(19,'19号库房','哈尔滨19号',NULL,NULL),(20,'20号库房','哈尔滨20号',NULL,NULL),(21,'21号库房','哈尔滨21号',NULL,NULL),(22,'22号库房','哈尔滨22号',NULL,NULL),(23,'23号库房','哈尔滨23号',NULL,NULL),(24,'24号库房','哈尔滨24号',NULL,NULL),(25,'25号库房','哈尔滨25号',NULL,NULL),(26,'26号库房','哈尔滨26号',NULL,NULL),(27,'27号库房','哈尔滨27号',NULL,NULL),(28,'28号库房','哈尔滨28号',NULL,NULL),(29,'29号库房','哈尔滨29号',NULL,NULL),(30,'30号库房','哈尔滨30号',NULL,NULL),(31,'31号库房','哈尔滨31号',NULL,NULL),(32,'32号库房','哈尔滨32号',NULL,NULL),(33,'33号库房','哈尔滨33号',NULL,NULL),(34,'34号库房','哈尔滨34号',NULL,NULL),(35,'35号库房','哈尔滨35号',NULL,NULL),(36,'36号库房','哈尔滨36号',NULL,NULL),(37,'37号库房','哈尔滨37号',NULL,NULL),(38,'38号库房','哈尔滨38号',NULL,NULL),(39,'39号库房','哈尔滨39号',NULL,NULL),(40,'40号库房','哈尔滨40号',NULL,NULL),(41,'41号库房','哈尔滨41号',NULL,NULL),(42,'42号库房','哈尔滨42号',NULL,NULL),(43,'43号库房','哈尔滨43号',NULL,NULL),(44,'44号库房','哈尔滨44号',NULL,NULL),(45,'45号库房','哈尔滨45号',NULL,NULL),(46,'46号库房','哈尔滨46号',NULL,NULL),(47,'47号库房','哈尔滨47号',NULL,NULL),(48,'48号库房','哈尔滨48号',NULL,NULL),(49,'49号库房','哈尔滨49号',NULL,NULL),(50,'50号库房','哈尔滨50号',NULL,NULL),(51,'51号库房','哈尔滨51号',NULL,NULL),(52,'52号库房','哈尔滨52号',NULL,NULL),(53,'53号库房','哈尔滨53号',NULL,NULL),(54,'54号库房','哈尔滨54号',NULL,NULL),(55,'55号库房','哈尔滨55号',NULL,NULL),(56,'56号库房','哈尔滨56号',NULL,NULL),(57,'57号库房','哈尔滨57号',NULL,NULL),(58,'58号库房','哈尔滨58号',NULL,NULL),(59,'59号库房','哈尔滨59号',NULL,NULL),(60,'60号库房','哈尔滨60号',NULL,NULL),(61,'61号库房','哈尔滨61号',NULL,NULL),(62,'62号库房','哈尔滨62号',NULL,NULL),(63,'63号库房','哈尔滨63号',NULL,NULL),(64,'64号库房','哈尔滨64号',NULL,NULL),(65,'65号库房','哈尔滨65号',NULL,NULL),(66,'66号库房','哈尔滨66号',NULL,NULL),(67,'67号库房','哈尔滨67号',NULL,NULL),(68,'68号库房','哈尔滨68号',NULL,NULL),(69,'69号库房','哈尔滨69号',NULL,NULL),(70,'70号库房','哈尔滨70号',NULL,NULL),(71,'71号库房','哈尔滨71号',NULL,NULL),(72,'72号库房','哈尔滨72号',NULL,NULL),(73,'73号库房','哈尔滨73号',NULL,NULL),(74,'74号库房','哈尔滨74号',NULL,NULL),(75,'75号库房','哈尔滨75号',NULL,NULL),(76,'76号库房','哈尔滨76号',NULL,NULL),(77,'77号库房','哈尔滨77号',NULL,NULL),(78,'78号库房','哈尔滨78号',NULL,NULL),(79,'79号库房','哈尔滨79号',NULL,NULL),(80,'80号库房','哈尔滨80号',NULL,NULL),(81,'81号库房','哈尔滨81号',NULL,NULL),(82,'82号库房','哈尔滨82号',NULL,NULL),(83,'83号库房','哈尔滨83号',NULL,NULL),(84,'84号库房','哈尔滨84号',NULL,NULL),(85,'85号库房','哈尔滨85号',NULL,NULL),(86,'86号库房','哈尔滨86号',NULL,NULL),(87,'87号库房','哈尔滨87号',NULL,NULL),(88,'88号库房','哈尔滨88号',NULL,NULL),(89,'89号库房','哈尔滨89号',NULL,NULL),(90,'90号库房','哈尔滨90号',NULL,NULL),(91,'91号库房','哈尔滨91号',NULL,NULL),(92,'92号库房','哈尔滨92号',NULL,NULL),(93,'93号库房','哈尔滨93号',NULL,NULL),(94,'94号库房','哈尔滨94号',NULL,NULL),(95,'95号库房','哈尔滨95号',NULL,NULL),(96,'96号库房','哈尔滨96号',NULL,NULL),(97,'97号库房','哈尔滨97号',NULL,NULL),(98,'98号库房','哈尔滨98号',NULL,NULL),(99,'99号库房','哈尔滨99号',NULL,NULL),(100,'100号库房','哈尔滨100号',NULL,NULL),(101,'101号库房','哈尔滨101号',NULL,NULL),(102,'102号库房','哈尔滨102号',NULL,NULL),(103,'103号库房','哈尔滨103号',NULL,NULL),(104,'104号库房','哈尔滨104号',NULL,NULL),(105,'105号库房','哈尔滨105号',NULL,NULL),(106,'106号库房','哈尔滨106号',NULL,NULL),(107,'107号库房','哈尔滨107号',NULL,NULL),(108,'108号库房','哈尔滨108号',NULL,NULL),(109,'109号库房','哈尔滨109号',NULL,NULL),(110,'110号库房','哈尔滨110号',NULL,NULL),(111,'111号库房','哈尔滨111号',NULL,NULL),(112,'112号库房','哈尔滨112号',NULL,NULL),(113,'113号库房','哈尔滨113号',NULL,NULL);

UNLOCK TABLES;

/*Table structure for table `p_sp` */

DROP TABLE IF EXISTS `p_sp`;

CREATE TABLE `p_sp` (
  `spbh` int(11) NOT NULL AUTO_INCREMENT,
  `spmc` varchar(16) DEFAULT NULL,
  `zjm` varchar(16) DEFAULT NULL,
  `spdw` varchar(16) DEFAULT NULL COMMENT '商品单位',
  `spgg` varchar(16) DEFAULT NULL COMMENT '商品规格',
  `spjg` int(11) DEFAULT NULL COMMENT '商品价格',
  `zzs` varchar(16) DEFAULT NULL COMMENT '制造商',
  `yl1` varchar(32) DEFAULT NULL,
  `yl2` varchar(32) DEFAULT NULL,
  PRIMARY KEY (`spbh`)
) ENGINE=InnoDB AUTO_INCREMENT=205 DEFAULT CHARSET=utf8;

/*Data for the table `p_sp` */

LOCK TABLES `p_sp` WRITE;

insert  into `p_sp`(`spbh`,`spmc`,`zjm`,`spdw`,`spgg`,`spjg`,`zzs`,`yl1`,`yl2`) values (1,'电视','ds','台','55寸',5000,'小米',NULL,NULL),(2,'电视','ds','台','56寸',5100,'小米',NULL,NULL),(3,'电视','ds','台','54寸',4900,'小米',NULL,NULL),(6,'冰箱','bx','台','400L',3000,'海尔',NULL,NULL),(7,'手机1','sj1','台','8 + 256G',1999,'小米',NULL,NULL),(8,'手机2','sj2','台','6 + 128G',1699,'小米',NULL,NULL),(9,'手机3','sj3','台','8 + 256G',1999,'小米',NULL,NULL),(10,'手机4','sj4','台','8 + 256G',1999,'小米',NULL,NULL),(11,'手机5','sj5','台','8 + 256G',1999,'小米',NULL,NULL),(12,'手机6','sj6','台','8 + 256G',1999,'小米',NULL,NULL),(13,'手机7','sj7','台','8 + 256G',1999,'小米',NULL,NULL),(14,'手机8','sj8','台','8 + 256G',1999,'小米',NULL,NULL),(15,'手机9','sj9','台','8 + 256G',1999,'小米',NULL,NULL),(16,'手机10','sj10','台','8 + 256G',1999,'小米',NULL,NULL),(17,'手机11','sj11','台','8 + 256G',1999,'小米',NULL,NULL),(18,'手机12','sj12','台','8 + 256G',1999,'小米',NULL,NULL),(19,'手机13','sj13','台','8 + 256G',1999,'小米',NULL,NULL),(20,'手机14','sj14','台','8 + 256G',1999,'小米',NULL,NULL),(21,'手机15','sj15','台','8 + 256G',1999,'小米',NULL,NULL),(22,'手机16','sj16','台','8 + 256G',1999,'小米',NULL,NULL),(23,'手机17','sj17','台','8 + 256G',1999,'小米',NULL,NULL),(24,'手机18','sj18','台','8 + 256G',1999,'小米',NULL,NULL),(25,'手机19','sj19','台','8 + 256G',1999,'小米',NULL,NULL),(26,'手机20','sj20','台','8 + 256G',1999,'小米',NULL,NULL),(27,'手机21','sj21','台','8 + 256G',1999,'小米',NULL,NULL),(28,'手机22','sj22','台','8 + 256G',1999,'小米',NULL,NULL),(29,'手机23','sj23','台','8 + 256G',1999,'小米',NULL,NULL),(30,'手机24','sj24','台','8 + 256G',1999,'小米',NULL,NULL),(31,'手机25','sj25','台','8 + 256G',1999,'小米',NULL,NULL),(32,'手机26','sj26','台','8 + 256G',1999,'小米',NULL,NULL),(33,'手机27','sj27','台','8 + 256G',1999,'小米',NULL,NULL),(34,'手机28','sj28','台','8 + 256G',1999,'小米',NULL,NULL),(35,'手机29','sj29','台','8 + 256G',1999,'小米',NULL,NULL),(36,'手机30','sj30','台','8 + 256G',1999,'小米',NULL,NULL),(37,'手机31','sj31','台','8 + 256G',1999,'小米',NULL,NULL),(38,'手机32','sj32','台','8 + 256G',1999,'小米',NULL,NULL),(39,'手机33','sj33','台','8 + 256G',1999,'小米',NULL,NULL),(40,'手机34','sj34','台','8 + 256G',1999,'小米',NULL,NULL),(41,'手机35','sj35','台','8 + 256G',1999,'小米',NULL,NULL),(42,'手机36','sj36','台','8 + 256G',1999,'小米',NULL,NULL),(43,'手机37','sj37','台','8 + 256G',1999,'小米',NULL,NULL),(44,'手机38','sj38','台','8 + 256G',1999,'小米',NULL,NULL),(45,'手机39','sj39','台','8 + 256G',1999,'小米',NULL,NULL),(46,'手机40','sj40','台','8 + 256G',1999,'小米',NULL,NULL),(47,'手机41','sj41','台','8 + 256G',1999,'小米',NULL,NULL),(48,'手机42','sj42','台','8 + 256G',1999,'小米',NULL,NULL),(49,'手机43','sj43','台','8 + 256G',1999,'小米',NULL,NULL),(50,'手机44','sj44','台','8 + 256G',1999,'小米',NULL,NULL),(51,'手机45','sj45','台','8 + 256G',1999,'小米',NULL,NULL),(52,'手机46','sj46','台','8 + 256G',1999,'小米',NULL,NULL),(53,'手机47','sj47','台','8 + 256G',1999,'小米',NULL,NULL),(54,'手机48','sj48','台','8 + 256G',1999,'小米',NULL,NULL),(55,'手机49','sj49','台','8 + 256G',1999,'小米',NULL,NULL),(56,'手机50','sj50','台','8 + 256G',1999,'小米',NULL,NULL),(57,'手机51','sj51','台','8 + 256G',1999,'小米',NULL,NULL),(58,'手机52','sj52','台','8 + 256G',1999,'小米',NULL,NULL),(59,'手机53','sj53','台','8 + 256G',1999,'小米',NULL,NULL),(60,'手机54','sj54','台','8 + 256G',1999,'小米',NULL,NULL),(61,'手机55','sj55','台','8 + 256G',1999,'小米',NULL,NULL),(62,'手机56','sj56','台','8 + 256G',1999,'小米',NULL,NULL),(63,'手机57','sj57','台','8 + 256G',1999,'小米',NULL,NULL),(64,'手机58','sj58','台','8 + 256G',1999,'小米',NULL,NULL),(65,'手机59','sj59','台','8 + 256G',1999,'小米',NULL,NULL),(66,'手机60','sj60','台','8 + 256G',1999,'小米',NULL,NULL),(67,'手机61','sj61','台','8 + 256G',1999,'小米',NULL,NULL),(68,'手机62','sj62','台','8 + 256G',1999,'小米',NULL,NULL),(69,'手机63','sj63','台','8 + 256G',1999,'小米',NULL,NULL),(70,'手机64','sj64','台','8 + 256G',1999,'小米',NULL,NULL),(71,'手机65','sj65','台','8 + 256G',1999,'小米',NULL,NULL),(72,'手机66','sj66','台','8 + 256G',1999,'小米',NULL,NULL),(73,'手机67','sj67','台','8 + 256G',1999,'小米',NULL,NULL),(74,'手机68','sj68','台','8 + 256G',1999,'小米',NULL,NULL),(75,'手机69','sj69','台','8 + 256G',1999,'小米',NULL,NULL),(76,'手机70','sj70','台','8 + 256G',1999,'小米',NULL,NULL),(77,'手机71','sj71','台','8 + 256G',1999,'小米',NULL,NULL),(78,'手机72','sj72','台','8 + 256G',1999,'小米',NULL,NULL),(79,'手机73','sj73','台','8 + 256G',1999,'小米',NULL,NULL),(80,'手机74','sj74','台','8 + 256G',1999,'小米',NULL,NULL),(81,'手机75','sj75','台','8 + 256G',1999,'小米',NULL,NULL),(82,'手机76','sj76','台','8 + 256G',1999,'小米',NULL,NULL),(83,'手机77','sj77','台','8 + 256G',1999,'小米',NULL,NULL),(84,'手机78','sj78','台','8 + 256G',1999,'小米',NULL,NULL),(85,'手机79','sj79','台','8 + 256G',1999,'小米',NULL,NULL),(86,'手机80','sj80','台','8 + 256G',1999,'小米',NULL,NULL),(87,'手机81','sj81','台','8 + 256G',1999,'小米',NULL,NULL),(88,'手机82','sj82','台','8 + 256G',1999,'小米',NULL,NULL),(89,'手机83','sj83','台','8 + 256G',1999,'小米',NULL,NULL),(90,'手机84','sj84','台','8 + 256G',1999,'小米',NULL,NULL),(91,'手机85','sj85','台','8 + 256G',1999,'小米',NULL,NULL),(92,'手机86','sj86','台','8 + 256G',1999,'小米',NULL,NULL),(93,'手机87','sj87','台','8 + 256G',1999,'小米',NULL,NULL),(94,'手机88','sj88','台','8 + 256G',1999,'小米',NULL,NULL),(95,'手机89','sj89','台','8 + 256G',1999,'小米',NULL,NULL),(96,'手机90','sj90','台','8 + 256G',1999,'小米',NULL,NULL),(97,'手机91','sj91','台','8 + 256G',1999,'小米',NULL,NULL),(98,'手机92','sj92','台','8 + 256G',1999,'小米',NULL,NULL),(99,'手机93','sj93','台','8 + 256G',1999,'小米',NULL,NULL),(100,'手机94','sj94','台','8 + 256G',1999,'小米',NULL,NULL),(101,'手机95','sj95','台','8 + 256G',1999,'小米',NULL,NULL),(102,'手机96','sj96','台','8 + 256G',1999,'小米',NULL,NULL),(103,'手机97','sj97','台','8 + 256G',1999,'小米',NULL,NULL),(104,'手机98','sj98','台','8 + 256G',1999,'小米',NULL,NULL),(105,'手机99','sj99','台','8 + 256G',1999,'小米',NULL,NULL),(106,'手机100','sj100','台','8 + 256G',1999,'小米',NULL,NULL),(107,'手机101','sj101','台','8 + 256G',1999,'小米',NULL,NULL),(108,'手机102','sj102','台','8 + 256G',1999,'小米',NULL,NULL),(109,'手机103','sj103','台','8 + 256G',1999,'小米',NULL,NULL),(110,'手机104','sj104','台','8 + 256G',1999,'小米',NULL,NULL),(111,'手机105','sj105','台','8 + 256G',1999,'小米',NULL,NULL),(112,'手机106','sj106','台','8 + 256G',1999,'小米',NULL,NULL),(113,'手机107','sj107','台','8 + 256G',1999,'小米',NULL,NULL),(114,'手机108','sj108','台','8 + 256G',1999,'小米',NULL,NULL),(115,'手机109','sj109','台','8 + 256G',1999,'小米',NULL,NULL),(116,'手机110','sj110','台','8 + 256G',1999,'小米',NULL,NULL),(117,'手机111','sj111','台','8 + 256G',1999,'小米',NULL,NULL),(118,'手机112','sj112','台','8 + 256G',1999,'小米',NULL,NULL),(119,'手机113','sj113','台','8 + 256G',1999,'小米',NULL,NULL),(120,'手机114','sj114','台','8 + 256G',1999,'小米',NULL,NULL),(121,'手机115','sj115','台','8 + 256G',1999,'小米',NULL,NULL),(122,'手机116','sj116','台','8 + 256G',1999,'小米',NULL,NULL),(123,'手机117','sj117','台','8 + 256G',1999,'小米',NULL,NULL),(124,'手机118','sj118','台','8 + 256G',1999,'小米',NULL,NULL),(125,'手机119','sj119','台','8 + 256G',1999,'小米',NULL,NULL),(126,'手机120','sj120','台','8 + 256G',1999,'小米',NULL,NULL),(127,'手机121','sj121','台','8 + 256G',1999,'小米',NULL,NULL),(128,'手机122','sj122','台','8 + 256G',1999,'小米',NULL,NULL),(129,'手机123','sj123','台','8 + 256G',1999,'小米',NULL,NULL),(130,'手机124','sj124','台','8 + 256G',1999,'小米',NULL,NULL),(131,'手机125','sj125','台','8 + 256G',1999,'小米',NULL,NULL),(132,'手机126','sj126','台','8 + 256G',1999,'小米',NULL,NULL),(133,'手机127','sj127','台','8 + 256G',1999,'小米',NULL,NULL),(134,'手机128','sj128','台','8 + 256G',1999,'小米',NULL,NULL),(135,'手机129','sj129','台','8 + 256G',1999,'小米',NULL,NULL),(136,'手机130','sj130','台','8 + 256G',1999,'小米',NULL,NULL),(137,'手机131','sj131','台','8 + 256G',1999,'小米',NULL,NULL),(138,'手机132','sj132','台','8 + 256G',1999,'小米',NULL,NULL),(139,'手机133','sj133','台','8 + 256G',1999,'小米',NULL,NULL),(140,'手机134','sj134','台','8 + 256G',1999,'小米',NULL,NULL),(141,'手机135','sj135','台','8 + 256G',1999,'小米',NULL,NULL),(142,'手机136','sj136','台','8 + 256G',1999,'小米',NULL,NULL),(143,'手机137','sj137','台','8 + 256G',1999,'小米',NULL,NULL),(144,'手机138','sj138','台','8 + 256G',1999,'小米',NULL,NULL),(145,'手机139','sj139','台','8 + 256G',1999,'小米',NULL,NULL),(146,'手机140','sj140','台','8 + 256G',1999,'小米',NULL,NULL),(147,'手机141','sj141','台','8 + 256G',1999,'小米',NULL,NULL),(148,'手机142','sj142','台','8 + 256G',1999,'小米',NULL,NULL),(149,'手机143','sj143','台','8 + 256G',1999,'小米',NULL,NULL),(150,'手机144','sj144','台','8 + 256G',1999,'小米',NULL,NULL),(151,'手机145','sj145','台','8 + 256G',1999,'小米',NULL,NULL),(152,'手机146','sj146','台','8 + 256G',1999,'小米',NULL,NULL),(153,'手机147','sj147','台','8 + 256G',1999,'小米',NULL,NULL),(156,'鼠标','sb','个','GQ-001',80,'罗技',NULL,NULL),(157,'鼠标','sb','个','GQ-002',80,'罗技',NULL,NULL),(158,'鼠标','sb','个','GQ-003',80,'罗技',NULL,NULL),(159,'鼠标','sb','个','GQ-004',80,'罗技',NULL,NULL),(160,'鼠标','sb','个','GQ-005',80,'罗技',NULL,NULL),(161,'鼠标','sb','个','GQ-006',80,'罗技',NULL,NULL),(162,'鼠标','sb','个','GQ-007',80,'罗技',NULL,NULL),(163,'鼠标','sb','个','GQ-008',80,'罗技',NULL,NULL),(164,'鼠标','sb','个','GQ-009',80,'罗技',NULL,NULL),(165,'鼠标','sb','个','GQ-010',80,'罗技',NULL,NULL),(166,'鼠标','sb','个','GQ-011',80,'罗技',NULL,NULL),(167,'鼠标','sb','个','GQ-012',80,'罗技',NULL,NULL),(168,'鼠标','sb','个','GQ-013',80,'罗技',NULL,NULL),(169,'鼠标','sb','个','GQ-014',80,'罗技',NULL,NULL),(170,'鼠标','sb','个','GQ-015',80,'罗技',NULL,NULL),(171,'鼠标','sb','个','GQ-016',80,'罗技',NULL,NULL),(172,'鼠标','sb','个','GQ-017',80,'罗技',NULL,NULL),(173,'鼠标','sb','个','GQ-018',80,'罗技',NULL,NULL),(174,'鼠标','sb','个','GQ-019',80,'罗技',NULL,NULL),(175,'鼠标','sb','个','GQ-020',80,'罗技',NULL,NULL),(176,'鼠标','sb','个','GQ-021',80,'罗技',NULL,NULL),(177,'鼠标','sb','个','GQ-022',80,'罗技',NULL,NULL),(178,'鼠标','sb','个','GQ-023',80,'罗技',NULL,NULL),(179,'鼠标','sb','个','GQ-024',80,'罗技',NULL,NULL),(180,'鼠标','sb','个','GQ-025',80,'罗技',NULL,NULL),(181,'鼠标','sb','个','GQ-026',80,'罗技',NULL,NULL),(182,'鼠标','sb','个','GQ-027',80,'罗技',NULL,NULL),(183,'鼠标','sb','个','GQ-028',80,'罗技',NULL,NULL),(184,'鼠标','sb','个','GQ-029',80,'罗技',NULL,NULL),(185,'鼠标','sb','个','GQ-030',80,'罗技',NULL,NULL),(186,'鼠标','sb','个','GQ-031',80,'罗技',NULL,NULL),(187,'鼠标','sb','个','GQ-032',80,'罗技',NULL,NULL),(188,'鼠标','sb','个','GQ-033',80,'罗技',NULL,NULL),(189,'鼠标','sb','个','GQ-034',80,'罗技',NULL,NULL),(190,'鼠标','sb','个','GQ-035',80,'罗技',NULL,NULL),(191,'鼠标','sb','个','GQ-036',80,'罗技',NULL,NULL),(192,'鼠标','sb','个','GQ-037',80,'罗技',NULL,NULL),(193,'鼠标','sb','个','GQ-038',80,'罗技',NULL,NULL),(194,'鼠标','sb','个','GQ-039',80,'罗技',NULL,NULL),(195,'鼠标','sb','个','GQ-040',80,'罗技',NULL,NULL),(196,'鼠标','sb','个','GQ-041',80,'罗技',NULL,NULL),(197,'鼠标','sb','个','GQ-042',80,'罗技',NULL,NULL),(198,'鼠标','sb','个','GQ-043',80,'罗技',NULL,NULL),(199,'鼠标','sb','个','GQ-044',80,'罗技',NULL,NULL),(200,'鼠标','sb','个','GQ-045',80,'罗技',NULL,NULL),(201,'鼠标','sb','个','GQ-046',80,'罗技',NULL,NULL),(202,'鼠标','sb','个','GQ-047',80,'罗技',NULL,NULL),(203,'鼠标','sb','个','GQ-048',80,'罗技',NULL,NULL),(204,'鼠标','sb','个','GQ-049',80,'罗技',NULL,NULL);

UNLOCK TABLES;

/*Table structure for table `p_user` */

DROP TABLE IF EXISTS `p_user`;

CREATE TABLE `p_user` (
  `userId` int(11) NOT NULL AUTO_INCREMENT,
  `username` varchar(10) NOT NULL,
  `password` varchar(10) NOT NULL,
  PRIMARY KEY (`userId`)
) ENGINE=InnoDB DEFAULT CHARSET=utf8;

/*Data for the table `p_user` */

LOCK TABLES `p_user` WRITE;

UNLOCK TABLES;

/*Table structure for table `p_yh` */

DROP TABLE IF EXISTS `p_yh`;

CREATE TABLE `p_yh` (
  `yhbh` int(11) NOT NULL AUTO_INCREMENT,
  `yhm` varchar(8) DEFAULT NULL,
  `yhmm` varchar(8) DEFAULT NULL,
  `nl` int(11) DEFAULT NULL,
  `xb` char(2) DEFAULT NULL,
  PRIMARY KEY (`yhbh`)
) ENGINE=InnoDB AUTO_INCREMENT=2 DEFAULT CHARSET=utf8;

/*Data for the table `p_yh` */

LOCK TABLES `p_yh` WRITE;

insert  into `p_yh`(`yhbh`,`yhm`,`yhmm`,`nl`,`xb`) values (1,'admin','admin',NULL,NULL);

UNLOCK TABLES;

/*!40101 SET SQL_MODE=@OLD_SQL_MODE */;
/*!40014 SET FOREIGN_KEY_CHECKS=@OLD_FOREIGN_KEY_CHECKS */;
/*!40014 SET UNIQUE_CHECKS=@OLD_UNIQUE_CHECKS */;
/*!40111 SET SQL_NOTES=@OLD_SQL_NOTES */;
